<?xml version="1.0"?>
<extension>
	<id>c99f312b-c7c5-435a-9423-1596e95b48b9</id>
	<name>PLUGIN_SIMPLE_LIBRARY_VIEWS</name>
	<module>Plugins::SimpleLibraryViews::Plugin</module>
	<importmodule>Plugins::SimpleLibraryViews::Plugin</importmodule>
	<version>1.1.0a</version>
	<description>PLUGIN_SIMPLE_LIBRARY_VIEWS_DESC</description>
	<creator>Andy Hawkins</creator>
	<defaultState>enabled</defaultState>
	<homepageURL>https://github.com/adhawkins/SimpleLibraryViews</homepageURL>
	<optionsURL>plugins/SimpleLibraryViews/settings/basic.html</optionsURL>
	<targetApplication>
		<id>Logitech Media Server</id>
		<minVersion>7.9.0</minVersion>
		<maxVersion>*</maxVersion>
	</targetApplication>
</extension>
